anxiety,stress,confusion,hopeful,fear
anxious,stressed,confused,hope,afraid
worried,overwhelmed,perplexed,optimistic,scared
nervous,pressure,puzzled,positive,frightened
uneasy,tense,disoriented,confident,terrified
apprehensive,strain,uncertain,encouraged,panic
tense,burden,unclear,promising,dread
fearful,distress,bewildered,anticipation,horror
panic,burnout,ambiguous,reassured,alarmed
fretful,hassled,lost,upbeat,petrified
troubled,taxed,disorganized,enthusiastic,threatened
uptight,exhausted,muddled,expectant,intimidated
restless,strained,baffled,inspired,worried
agitated,hectic,mystified,buoyant,insecure
concerned,harried,disconcerted,cheery,vulnerable
distressed,fatigued,unsure,motivated,uncomfortable
anxiousness,stressful,confusing,hopeful feeling,fearfulness
anxiety disorder,stress levels,confusion state,hopefulness,fearsome
anxiously,stressfully,confusedly,hopefully,fearfully
anxiety attack,stressed out,total confusion,high hopes,fear of
anxiety symptoms,burnout syndrome,mental confusion,renewed hope,fight or flight
high anxiety,chronic stress,cognitive confusion,cautiously hopeful,paralyzing fear
mild anxiety,acute stress,momentarily confused,feeling hopeful,intense fear
severe anxiety,under stress,thoroughly confused,remaining hopeful,fear response
crippling anxiety,stress reaction,utterly confused,cautious optimism,deep fear
constant anxiety,mental stress,somewhat confused,reasonable hope,fear of unknown
worsening anxiety,physical stress,increasingly confused,significant hope,persistent fear
debilitating anxiety,environmental stress,slight confusion,unexpected hope,gripping fear
overwhelming anxiety,occupational stress,temporary confusion,genuine hope,acute fear
recurring anxiety,daily stress,persistent confusion,quiet hope,mortal fear
heightened anxiety,emotional stress,profound confusion,distant hope,growing fear
increasing anxiety,work stress,complete confusion,glimmer of hope,deepening fear
anxiety level,stress factor,confusion about,spark of hope,fear in mind
health anxiety,stress management,causing confusion,sign of hope,overcome fear
social anxiety,stress response,added confusion,rays of hope,face your fear
anticipatory anxiety,stress symptoms,leads to confusion,beacon of hope,crippling fear
generalized anxiety,stress levels,resulting confusion,message of hope,nagging fear
performance anxiety,high stress,extreme confusion,chance of hope,instilling fear
emotional anxiety,maximum stress,growing confusion,foundation of hope,persistent fear
anxiety feeling,constant stress,general confusion,element of hope,perpetual fear
anxiety inducing,prolonged stress,increasing confusion,sustained hope,intense fear
anxiety-related,stress-related,confusion-related,hope-filled,fear-inducing
worry,strain,misunderstanding,encouraging,scary
feeling anxious,feeling stressed,feeling confused,feeling hopeful,feeling afraid